Division,Dept,INS1,INS2,INS3,INS4,INS5,INS6,ARTSC1,ARTSC2,ARTSC3,APSC001,APSC002,APSC003,APSC004,APSC005,APSC006,APSC007,APSC008,Course Workload,I would recommend this course,I attended class,Inspired to learn subject matter,UTSC1,UTSC2,UTSC3
APSC,AE1,3.520481692273871,3.67657490412565,3.7071008085199932,3.6176701922372305,3.6013483475414643,3.238347297198271,0.0,0.0,0.0,3.5262536945211167,3.716866557561249,3.3858936466450085,3.416102005422702,3.251867412491756,3.7487090549353916,3.518280856884633,0.38789662668848773,0.0,0.0,0.0,0.0,0.0,0.0,0.0
APSC,APSC,3.3185182908084845,3.5054411312634493,3.584106978173993,3.492407008914848,3.4793728865662463,3.1496895173685826,0.0,0.0,0.0,3.4253304641869042,3.6063879495849984,3.3379649554257607,3.3572640639409776,3.1738518290808484,3.6499292960344296,3.555997540731632,0.0,0.0,0.0,0.0,0.0,0.0,0.0,0.0
APSC,BME,4.131165311653116,4.27289972899729,4.042818428184281,3.837669376693767,3.7823848238482385,3.61869918699187,0.0,0.0,0.0,3.5658536585365854,4.4514905149051485,3.2149051490514906,3.638211382113821,3.2788617886178866,4.010027100271003,3.6940379403794035,0.491869918699187,0.0,0.0,0.0,0.0,0.0,0.0,0.0
APSC,CDP,3.8685817961899,4.080828545509525,4.18229513153916,3.839537345025703,3.8631841548231023,3.7243423042032053,0.0,0.0,0.0,3.5566979135167824,4.191109767160569,3.477895373450257,3.489416389476867,3.3732385848200783,4.070229815542788,3.8465830057453885,0.40157242213486544,0.0,0.0,0.0,0.0,0.0,0.0,0.0
APSC,CHE,3.697716934168741,3.814960089262724,3.724658827568449,3.6625697365033045,3.6725345463908674,3.3661917431980086,0.0,0.0,0.0,3.587546133379109,3.8758132349154577,3.3207535833834005,3.5468715131748345,3.2656338511715735,3.7600806797699766,3.578971762080508,0.23119045575487082,0.0,0.0,0.0,0.0,0.0,0.0,0.0
APSC,CIVIL,3.7162160570183187,3.921193379277847,3.849219532308417,3.8285032691288214,3.791453142486894,3.4768687047181484,0.0,0.0,0.0,3.5817989044000704,4.017011250515403,3.4331919656005185,3.4739588855510397,3.3668551569770866,3.9046474642162923,3.6670083053543028,0.2965070389350298,0.0,0.0,0.0,0.0,0.0,0.0,0.0
APSC,CSC,4.0,4.4,4.5,4.1,4.1,4.1,0.0,0.0,0.0,4.0,4.6,3.7,3.8,4.1,4.5,4.4,0.0,0.0,0.0,0.0,0.0,0.0,0.0,0.0
APSC,ECE,3.94713260961295,4.030733821780659,3.918742567800836,3.799041006559515,3.7478384287851467,3.5456020560819366,0.0,0.0,0.0,3.7609114273658366,3.923253672944877,3.0630020330660934,3.6363880471057577,3.3000997353178105,3.940929840039894,3.718596800797883,0.3818366642372166,0.0,0.0,0.0,0.0,0.0,0.0,0.0
APSC,ECP,4.1522336769759445,4.312714776632302,4.556357388316152,4.200687285223368,4.23127147766323,4.249828178694158,0.0,0.0,0.0,3.723367697594502,4.09553264604811,4.019931271477663,3.8312714776632304,4.245704467353952,4.205841924398626,4.410309278350516,0.0,0.0,0.0,0.0,0.0,0.0,0.0,0.0
APSC,ESC,3.7096791471128343,3.801430830442767,3.756871046725158,3.6597582126096713,3.6336206896551726,3.320393797184248,0.0,0.0,0.0,3.6102606610895736,3.7795960008161598,3.0321975107120993,3.403736482350541,3.193756376249745,3.7239925525402975,3.5800703937971843,0.3889129769434809,0.0,0.0,0.0,0.0,0.0,0.0,0.0
APSC,ISTEP,4.319679144385026,4.410695187165776,4.684491978609626,4.377967914438503,4.37903743315508,4.34951871657754,0.0,0.0,0.0,3.9023529411764706,4.287700534759359,2.872085561497326,3.7640641711229947,4.120748663101605,4.503529411764706,3.852620320855615,1.2864171122994652,0.0,0.0,0.0,0.0,0.0,0.0,0.0
APSC,LME,3.7708154506437768,3.9845493562231757,3.7643776824034334,3.9317596566523605,3.8961373390557936,3.5107296137339055,0.0,0.0,0.0,3.601716738197425,4.060515021459228,3.578969957081545,3.679399141630901,3.2085836909871244,3.834334763948498,3.842918454935622,0.0,0.0,0.0,0.0,0.0,0.0,0.0,0.0
APSC,MIE,3.7497516704184086,3.9106799585521848,3.7883088576839246,3.769996784221245,3.720909708078751,3.429095651552507,0.0,0.0,0.0,3.6536606281487836,3.9781255582949226,3.217129381498553,3.5270840032872406,3.2284739343266518,3.8647300532390036,3.603151463179333,0.33168613999356844,0.0,0.0,0.0,0.0,0.0,0.0,0.0
APSC,MMS,3.750811342402885,3.8719390263891165,3.925143419111621,3.7450254056712016,3.745664645140141,3.4941321094902476,0.0,0.0,0.0,3.5751516144894278,4.094246844779544,3.275840026225209,3.6637600393378134,3.4330929355843303,3.9062120963776428,3.684920504835273,0.24982789706605477,0.0,0.0,0.0,0.0,0.0,0.0,0.0
ARTSC,AFR,4.733333333333333,4.724,4.836,4.745333333333333,4.784,4.774666666666667,4.811999999999999,3.084,4.84,0.0,0.0,0.0,0.0,0.0,0.0,0.0,0.0,0.0,0.0,0.0,0.0,0.0,0.0,0.0
ARTSC,ANA,4.534216281895504,4.648845686512758,4.335261239368165,4.057083839611179,4.061069258809234,4.135674362089914,3.6768165249088702,4.021117861482382,4.027023086269745,0.0,0.0,0.0,0.0,0.0,0.0,0.0,0.0,0.0,0.0,0.0,0.0,0.0,0.0,0.0
ARTSC,ANT,3.897656674610143,4.062658974037376,4.036588904218403,3.7204481792717083,3.7786872360884654,3.655270705297044,3.4749057234834235,3.011111668548016,3.7776692169405073,0.0,0.0,0.0,0.0,0.0,0.0,0.0,0.0,0.0,0.0,0.0,0.0,0.0,0.0,0.0
ARTSC,ARCLA,3.863716166788588,4.160497439648866,4.032626188734455,3.831163130943672,3.8953182150694956,3.704316020482809,3.5323335771762983,3.0416239941477685,3.7539136795903434,0.0,0.0,0.0,0.0,0.0,0.0,0.0,0.0,0.0,0.0,0.0,0.0,0.0,0.0,0.0
ARTSC,ASABS,4.302615963226076,4.423694107814459,4.3387379857918935,4.261470956957794,4.325741746761388,4.170539072294192,3.958963643961554,3.094734642707898,4.319974926870038,0.0,0.0,0.0,0.0,0.0,0.0,0.0,0.0,0.0,0.0,0.0,0.0,0.0,0.0,0.0
ARTSC,ASDN,3.1875,3.4375,3.683333333333333,3.2,3.3999999999999995,2.975,3.7666666666666666,3.1875,3.0625,0.0,0.0,0.0,0.0,0.0,0.0,0.0,0.0,0.0,0.0,0.0,0.0,0.0,0.0,0.0
ARTSC,ASI,4.154828193832599,4.189603524229074,4.184405286343613,3.9962114537444933,4.0824669603524235,3.924229074889868,3.728458149779736,3.4274008810572685,3.8891629955947136,0.0,0.0,0.0,0.0,0.0,0.0,0.0,0.0,0.0,0.0,0.0,0.0,0.0,0.0,0.0
ARTSC,ASSEM,3.8934714705427553,4.04547703726612,4.199164991495284,3.894649760321633,3.9876480593783823,3.7953919901036026,3.495976496056904,2.867901654553889,3.854476573372507,0.0,0.0,0.0,0.0,0.0,0.0,0.0,0.0,0.0,0.0,0.0,0.0,0.0,0.0,0.0
ARTSC,AST,4.191097061933882,4.3730516345579105,4.277081245114718,4.06008000367833,4.066203503609361,4.021049243643386,3.9926801232240563,2.990078624304566,4.185643477861051,0.0,0.0,0.0,0.0,0.0,0.0,0.0,0.0,0.0,0.0,0.0,0.0,0.0,0.0,0.0
ARTSC,BCH,3.852083447833654,4.048897132911972,3.838539891911697,3.456186681322708,3.421475680131904,3.3113043876522856,3.5572006961619493,3.749316662086654,3.17378034258496,0.0,0.0,0.0,0.0,0.0,0.0,0.0,0.0,0.0,0.0,0.0,0.0,0.0,0.0,0.0
ARTSC,CCS,4.529411764705882,4.642857142857143,4.494117647058824,4.468907563025209,4.501680672268908,4.370588235294118,4.576470588235295,3.1865546218487393,4.421848739495799,0.0,0.0,0.0,0.0,0.0,0.0,0.0,0.0,0.0,0.0,0.0,0.0,0.0,0.0,0.0
ARTSC,CERES,4.544068241469816,4.643832020997375,4.686351706036746,4.452755905511811,4.456955380577428,4.49002624671916,4.430577427821522,3.071916010498688,4.556824146981627,0.0,0.0,0.0,0.0,0.0,0.0,0.0,0.0,0.0,0.0,0.0,0.0,0.0,0.0,0.0
ARTSC,CFE,3.5921810699588477,3.7825788751714677,3.951714677640604,3.6661179698216735,3.7643347050754454,3.5349794238683128,0.0,2.937448559670782,3.656104252400549,0.0,0.0,0.0,0.0,0.0,0.0,0.0,0.0,0.0,0.0,0.0,0.0,0.0,0.0,0.0
ARTSC,CHM,3.904729458917836,3.9966683051637863,3.966615747217706,3.6755327006213685,3.635925183700735,3.433186372745491,3.6542012326539868,3.8414552375190634,3.4122133575326754,0.0,0.0,0.0,0.0,0.0,0.0,0.0,0.0,0.0,0.0,0.0,0.0,0.0,0.0,0.0
ARTSC,CINE,4.2273055391868,4.3795816146140245,4.287389510901591,4.073541543901002,4.172024160282852,4.038450206246317,4.059737772539776,3.2132881555686503,4.098261638185033,0.0,0.0,0.0,0.0,0.0,0.0,0.0,0.0,0.0,0.0,0.0,0.0,0.0,0.0,0.0
ARTSC,CLAS,4.130247933884298,4.353561589925226,4.265556867375049,3.9989846517119245,4.113900039354585,3.9911137347500985,3.799724517906336,3.1866902794175522,3.9807162534435263,0.0,0.0,0.0,0.0,0.0,0.0,0.0,0.0,0.0,0.0,0.0,0.0,0.0,0.0,0.0
ARTSC,COMPG,4.032810787968427,4.1820386664453135,4.308661464857604,4.045310071084683,4.063367995291206,3.9433043058301513,4.013622300366742,3.2655759972230185,3.9276958601850316,0.0,0.0,0.0,0.0,0.0,0.0,0.0,0.0,0.0,0.0,0.0,0.0,0.0,0.0,0.0
ARTSC,CRIM,4.169837937384899,4.273284223449969,4.249122160834868,3.991025168815224,4.062774708410068,3.9434376918354817,4.273210558624924,3.3512829957028853,3.9962062615101286,0.0,0.0,0.0,0.0,0.0,0.0,0.0,0.0,0.0,0.0,0.0,0.0,0.0,0.0,0.0
ARTSC,CSB,3.966464914395949,4.14386895236425,4.0211846460749285,3.725015016331631,3.72585154657255,3.6367755442050114,3.63178814915492,3.403264353201657,3.689179034132012,0.0,0.0,0.0,0.0,0.0,0.0,0.0,0.0,0.0,0.0,0.0,0.0,0.0,0.0,0.0
ARTSC,CSC,4.053472470266367,4.151755519246115,4.08734886195235,4.062531443553596,4.008518828133906,3.7625892008967585,3.8696884143329404,3.6100296386366226,3.7940384542311056,0.0,0.0,0.0,0.0,0.0,0.0,0.0,0.0,0.0,0.0,0.0,0.0,0.0,0.0,0.0
ARTSC,CSUS,4.347014925373134,4.4082767978290365,4.471641791044776,4.140298507462687,4.225644504748983,4.168249660786974,3.925915875169607,3.309497964721845,4.206648575305292,0.0,0.0,0.0,0.0,0.0,0.0,0.0,0.0,0.0,0.0,0.0,0.0,0.0,0.0,0.0
ARTSC,DRAMA,4.108630328441649,4.230083857442348,4.194164919636618,4.02941998602376,4.149965059399022,3.924318658280922,3.8627183787561146,3.185220125786164,4.049056603773585,0.0,0.0,0.0,0.0,0.0,0.0,0.0,0.0,0.0,0.0,0.0,0.0,0.0,0.0,0.0
ARTSC,DTS,4.361339139902014,4.390255851932499,4.481219379422972,4.22487751769189,4.299346761023408,4.214697876973326,3.935928143712575,3.0785519869352207,4.274197060424605,0.0,0.0,0.0,0.0,0.0,0.0,0.0,0.0,0.0,0.0,0.0,0.0,0.0,0.0,0.0
ARTSC,EAS,4.18339755940912,4.317125883108543,4.253691393705845,4.158623956326268,4.191563904945408,4.035036929993577,3.944258188824663,3.422951188182402,3.949959858702633,0.0,0.0,0.0,0.0,0.0,0.0,0.0,0.0,0.0,0.0,0.0,0.0,0.0,0.0,0.0
ARTSC,ECO,3.9044750696810158,4.0016119541653765,3.8481162898730257,3.733945881077733,3.729098598637349,3.5213345850108393,3.5629608624961286,3.495025549705791,3.4922532130690613,0.0,0.0,0.0,0.0,0.0,0.0,0.0,0.0,0.0,0.0,0.0,0.0,0.0,0.0,0.0
ARTSC,EEB,3.7967774355649215,4.01673974712271,4.05497791376236,3.591436213324688,3.5867928351434593,3.516636002593613,3.6824841951693954,3.26605527638191,3.6143467336683415,0.0,0.0,0.0,0.0,0.0,0.0,0.0,0.0,0.0,0.0,0.0,0.0,0.0,0.0,0.0
ARTSC,ENG,4.1239662144287825,4.231240693851328,4.2810763009712405,4.053362306791127,4.158140659839008,3.9793771966290015,3.738724160084653,3.2074630588413133,3.9976690223347564,0.0,0.0,0.0,0.0,0.0,0.0,0.0,0.0,0.0,0.0,0.0,0.0,0.0,0.0,0.0
ARTSC,ENT,3.768172484599589,3.9291581108829567,3.8856262833675568,3.8942505133470227,3.957905544147844,3.8008213552361396,4.030595482546201,3.0170431211498974,3.9127310061601643,0.0,0.0,0.0,0.0,0.0,0.0,0.0,0.0,0.0,0.0,0.0,0.0,0.0,0.0,0.0
ARTSC,ENVMT,3.768667585969146,3.9269413082823412,3.9788554684133413,3.740846332844954,3.7819374299750064,3.604815995863139,3.9173817116263034,3.1118607256743944,3.7206636214772044,0.0,0.0,0.0,0.0,0.0,0.0,0.0,0.0,0.0,0.0,0.0,0.0,0.0,0.0,0.0
ARTSC,ES,3.5499679404975635,3.7896588868940753,3.7727417286483713,3.6536214413952295,3.688427802000513,3.433011028468838,3.6233854834572967,3.122852013336753,3.532823800974609,0.0,0.0,0.0,0.0,0.0,0.0,0.0,0.0,0.0,0.0,0.0,0.0,0.0,0.0,0.0
ARTSC,ETHIC,3.939816933638444,3.9297482837528603,3.9494279176201377,3.8780320366132726,3.968421052631579,3.6693363844393594,3.454233409610984,3.2846681922196796,3.608009153318078,0.0,0.0,0.0,0.0,0.0,0.0,0.0,0.0,0.0,0.0,0.0,0.0,0.0,0.0,0.0
ARTSC,FAR,4.177608404816243,4.312371134020619,4.2744235460769655,4.040111749429448,4.096372078381994,3.9940505233335957,3.708703864011962,3.090816085622098,4.026064373967104,0.0,0.0,0.0,0.0,0.0,0.0,0.0,0.0,0.0,0.0,0.0,0.0,0.0,0.0,0.0
ARTSC,FOR,3.655560165975104,3.877356253704801,3.912033195020747,3.712211025489034,3.7409602845287493,3.5256075874333135,3.360877296976882,3.1285121517486663,3.608061647895673,0.0,0.0,0.0,0.0,0.0,0.0,0.0,0.0,0.0,0.0,0.0,0.0,0.0,0.0,0.0
ARTSC,FRE,3.742922334357174,3.898025449758666,4.130934620447564,3.7621763931548924,3.840851250548486,3.6141772707327777,3.5502939885914873,3.111715664765248,3.6298464238701182,0.0,0.0,0.0,0.0,0.0,0.0,0.0,0.0,0.0,0.0,0.0,0.0,0.0,0.0,0.0
ARTSC,GER,4.22946332046332,4.387007722007722,4.45980694980695,4.2206563706563704,4.30418918918919,4.146177606177607,3.9417567567567566,3.0987065637065636,4.146776061776062,0.0,0.0,0.0,0.0,0.0,0.0,0.0,0.0,0.0,0.0,0.0,0.0,0.0,0.0,0.0
ARTSC,GGR,3.865982459485224,4.0589094375595804,4.098673021925643,3.9006596758817924,3.939603431839848,3.7216587225929456,3.700522402287893,3.1760343183984747,3.765246901811249,0.0,0.0,0.0,0.0,0.0,0.0,0.0,0.0,0.0,0.0,0.0,0.0,0.0,0.0,0.0
ARTSC,GLAF,4.183956834532374,4.15021582733813,4.197194244604317,3.9130215827338133,3.9397841726618705,3.886043165467626,3.9876258992805758,3.66705035971223,3.955755395683453,0.0,0.0,0.0,0.0,0.0,0.0,0.0,0.0,0.0,0.0,0.0,0.0,0.0,0.0,0.0
ARTSC,GLG,3.2773519163763067,3.552264808362369,3.5466898954703834,3.3526132404181186,3.3658536585365852,3.1881533101045294,0.0,2.952264808362369,3.336933797909408,0.0,0.0,0.0,0.0,0.0,0.0,0.0,0.0,0.0,0.0,0.0,0.0,0.0,0.0,0.0
ARTSC,HIS,4.199213098543338,4.323216825771118,4.280148708781805,3.997200775871905,4.028522800745446,3.9762841821017,3.6985939223367437,3.276931502681322,4.028320085193777,0.0,0.0,0.0,0.0,0.0,0.0,0.0,0.0,0.0,0.0,0.0,0.0,0.0,0.0,0.0
ARTSC,HMB,4.090287913508432,4.1727921734532,4.165406310594042,3.8497253070098125,3.8455725953346263,3.7570377225453906,3.984114812856219,3.471282096480404,3.7463100064633643,0.0,0.0,0.0,0.0,0.0,0.0,0.0,0.0,0.0,0.0,0.0,0.0,0.0,0.0,0.0
ARTSC,IHPST,4.038944599704093,4.162562880157816,4.22565263850074,3.8910406049646555,3.9609469012000655,3.887114088443202,4.0562962354101595,2.8681916817359854,3.9621214861088276,0.0,0.0,0.0,0.0,0.0,0.0,0.0,0.0,0.0,0.0,0.0,0.0,0.0,0.0,0.0
ARTSC,IMM,4.01187327076439,4.20282862257907,3.936714587967233,3.7252167308631257,3.754825584549449,3.644017794173493,3.8850995497206093,3.3381337818043724,3.7309520967829437,0.0,0.0,0.0,0.0,0.0,0.0,0.0,0.0,0.0,0.0,0.0,0.0,0.0,0.0,0.0
ARTSC,INNIS,4.025169333056306,4.198732599210472,4.327280282568045,4.084063993351339,4.1455225431124045,3.974506544774569,3.9662580511115726,3.200311655931851,4.041055474755869,0.0,0.0,0.0,0.0,0.0,0.0,0.0,0.0,0.0,0.0,0.0,0.0,0.0,0.0,0.0
ARTSC,IRE,4.0917016393442625,4.307311475409835,4.335016393442623,4.195016393442622,4.2225245901639346,4.069836065573771,4.317934426229509,3.1672786885245903,4.038590163934426,0.0,0.0,0.0,0.0,0.0,0.0,0.0,0.0,0.0,0.0,0.0,0.0,0.0,0.0,0.0
ARTSC,ITA,4.234243341404358,4.420722356739305,4.487913640032284,4.218926553672317,4.278591606133979,4.157243744955609,4.046852300242131,3.032970137207425,4.1858353510895885,0.0,0.0,0.0,0.0,0.0,0.0,0.0,0.0,0.0,0.0,0.0,0.0,0.0,0.0,0.0
ARTSC,JSP,4.0376716653512235,4.2066298342541435,4.136543014996054,3.865666929755328,3.9224151539068663,3.776716653512234,3.719494869771113,3.024782951854775,3.7515390686661405,0.0,0.0,0.0,0.0,0.0,0.0,0.0,0.0,0.0,0.0,0.0,0.0,0.0,0.0,0.0
ARTSC,LAS,4.484531835205992,4.556179775280899,4.546067415730337,4.360674157303371,4.378651685393258,4.3277153558052435,4.0,3.4037453183520596,4.382022471910112,0.0,0.0,0.0,0.0,0.0,0.0,0.0,0.0,0.0,0.0,0.0,0.0,0.0,0.0,0.0
ARTSC,LIN,3.903265469307418,4.091997785705499,3.944913273465371,3.893234100135318,3.8995509902817074,3.635939229917579,3.660647066059786,3.1665026448517652,3.6129105671054247,0.0,0.0,0.0,0.0,0.0,0.0,0.0,0.0,0.0,0.0,0.0,0.0,0.0,0.0,0.0
ARTSC,LMP,3.9491707659873505,4.021363316936051,3.7339775122979617,3.4014406184118062,3.454813773717498,3.4303232607167957,3.1089248067463107,3.3598383696416025,3.4685523541813073,0.0,0.0,0.0,0.0,0.0,0.0,0.0,0.0,0.0,0.0,0.0,0.0,0.0,0.0,0.0
ARTSC,MAT,3.77920312140722,3.828752299379168,3.8621637157967346,3.657211427914463,3.6622585651873996,3.4253219130834673,3.6110571395723152,3.4112137847781097,3.4179811450908253,0.0,0.0,0.0,0.0,0.0,0.0,0.0,0.0,0.0,0.0,0.0,0.0,0.0,0.0,0.0
ARTSC,MEDGM,4.006522834645669,4.159125984251968,3.9214055118110234,3.6938566929133856,3.690385826771654,3.6123511811023623,3.6906826771653543,3.5600393700787403,3.63643937007874,0.0,0.0,0.0,0.0,0.0,0.0,0.0,0.0,0.0,0.0,0.0,0.0,0.0,0.0,0.0
ARTSC,MST,4.476533333333333,4.657866666666667,4.8232,4.4096,4.425066666666667,4.484533333333333,4.889866666666666,2.922933333333333,4.560266666666666,0.0,0.0,0.0,0.0,0.0,0.0,0.0,0.0,0.0,0.0,0.0,0.0,0.0,0.0,0.0
ARTSC,MUSIC,3.92124126592684,4.119441019317715,4.16718043567612,3.837381833127826,3.9263049732840116,3.827558569667078,3.679325935059597,2.880189066995479,3.9084669132757908,0.0,0.0,0.0,0.0,0.0,0.0,0.0,0.0,0.0,0.0,0.0,0.0,0.0,0.0,0.0
ARTSC,NEW,4.2939470555599595,4.404145200919395,4.412673377189506,4.239502258857097,4.296738527383688,4.160632479987319,3.8952286597447885,3.1328366489656814,4.214052468891178,0.0,0.0,0.0,0.0,0.0,0.0,0.0,0.0,0.0,0.0,0.0,0.0,0.0,0.0,0.0
ARTSC,NMC,4.21028180619644,4.387636783124588,4.293312458800264,4.093223467369809,4.11952867501648,4.041179960448253,3.81931608437706,3.1598005932762026,4.06533948582729,0.0,0.0,0.0,0.0,0.0,0.0,0.0,0.0,0.0,0.0,0.0,0.0,0.0,0.0,0.0
ARTSC,NUSCI,3.9473058485139023,4.191869606903164,4.044669223394056,3.916979865771812,3.9056279961649087,3.8466059443911793,3.6040364333652923,3.0406903163950143,4.04372003835091,0.0,0.0,0.0,0.0,0.0,0.0,0.0,0.0,0.0,0.0,0.0,0.0,0.0,0.0,0.0
ARTSC,OISUT,4.0702127659574465,4.148936170212766,4.473049645390072,4.118439716312057,4.24113475177305,4.068085106382979,4.567375886524823,2.7652482269503547,4.220567375886525,0.0,0.0,0.0,0.0,0.0,0.0,0.0,0.0,0.0,0.0,0.0,0.0,0.0,0.0,0.0
ARTSC,OTC,3.8998637602179835,3.9873297002724795,4.1464577656675745,3.9580381471389643,3.9852861035422342,3.9335149863760215,4.202861035422344,2.404632152588556,4.279019073569483,0.0,0.0,0.0,0.0,0.0,0.0,0.0,0.0,0.0,0.0,0.0,0.0,0.0,0.0,0.0
ARTSC,PCL,4.018577526060905,4.217167364360174,3.9699212016744645,3.7037100878273006,3.7028646474595748,3.589448411721251,3.8640195354182056,3.568636624805056,3.5550192891734387,0.0,0.0,0.0,0.0,0.0,0.0,0.0,0.0,0.0,0.0,0.0,0.0,0.0,0.0,0.0
ARTSC,PHL,4.177170652210064,4.230611634017361,4.227308677287391,4.056445604815911,4.104040975155486,3.90414507599694,3.8073116706023216,3.1857035953038215,3.879585924768018,0.0,0.0,0.0,0.0,0.0,0.0,0.0,0.0,0.0,0.0,0.0,0.0,0.0,0.0,0.0
ARTSC,PHM,4.0229535864978905,4.1057383966244725,3.9685232067510547,3.714683544303797,3.7200843881856542,3.519451476793249,3.0271729957805906,3.5053164556962026,3.4075105485232067,0.0,0.0,0.0,0.0,0.0,0.0,0.0,0.0,0.0,0.0,0.0,0.0,0.0,0.0,0.0
ARTSC,PHY,4.01036735350071,4.015720907799898,4.072505559872458,3.8904884649393106,3.8514557487741485,3.6598847833659334,3.7884510061359555,3.4687227030358243,3.6778532193671123,0.0,0.0,0.0,0.0,0.0,0.0,0.0,0.0,0.0,0.0,0.0,0.0,0.0,0.0,0.0
ARTSC,POL,3.9251182070266717,4.0664246305137075,3.9439744432692034,3.7541688345101623,3.810275292301535,3.6214802321260113,3.5221071438781055,3.3004602498499183,3.6660607186758525,0.0,0.0,0.0,0.0,0.0,0.0,0.0,0.0,0.0,0.0,0.0,0.0,0.0,0.0,0.0
ARTSC,PSL,4.197746308786001,4.302325920524973,3.9595497630331753,3.6090758293838863,3.614710171345242,3.6138112923806056,3.655269321910317,3.7220784724753915,3.6182637623040463,0.0,0.0,0.0,0.0,0.0,0.0,0.0,0.0,0.0,0.0,0.0,0.0,0.0,0.0,0.0
ARTSC,PSY,4.124941558056286,4.2652085517077705,4.231729525542392,3.8430318612424106,3.8671273460831044,3.8558333168522436,3.810817000573542,3.3208140339774146,3.907215948420782,0.0,0.0,0.0,0.0,0.0,0.0,0.0,0.0,0.0,0.0,0.0,0.0,0.0,0.0,0.0
ARTSC,RLG,4.190039603960396,4.291386138613861,4.354001650165016,4.147442244224423,4.21509900990099,4.060371287128713,3.966427392739274,3.1498844884488446,4.07506600660066,0.0,0.0,0.0,0.0,0.0,0.0,0.0,0.0,0.0,0.0,0.0,0.0,0.0,0.0,0.0
ARTSC,SAS,3.7551260504201682,4.015966386554622,3.791596638655462,3.6995798319327733,3.7672268907563025,3.5210084033613445,3.0088235294117647,3.127731092436975,3.6168067226890757,0.0,0.0,0.0,0.0,0.0,0.0,0.0,0.0,0.0,0.0,0.0,0.0,0.0,0.0,0.0
ARTSC,SDST,4.386767103863878,4.443920595533498,4.390003544842255,4.145257001063452,4.218812477844736,4.157036511875222,4.476674937965261,3.0549202410492735,4.200485643388869,0.0,0.0,0.0,0.0,0.0,0.0,0.0,0.0,0.0,0.0,0.0,0.0,0.0,0.0,0.0
ARTSC,SLA,4.279413946587537,4.459327398615232,4.446834817012858,4.25961918892186,4.327418397626113,4.187561819980218,3.6897428288822947,3.2114836795252226,4.2135509396636985,0.0,0.0,0.0,0.0,0.0,0.0,0.0,0.0,0.0,0.0,0.0,0.0,0.0,0.0,0.0
ARTSC,SMC,4.096268746854554,4.226733769501761,4.305002516356316,4.079160543532964,4.1486019124308005,4.0016205334675385,3.9166260694514343,3.1129179667840967,4.011496728736789,0.0,0.0,0.0,0.0,0.0,0.0,0.0,0.0,0.0,0.0,0.0,0.0,0.0,0.0,0.0
ARTSC,SOC,3.853395986791974,4.027877684644259,4.008453701351847,3.694800045155646,3.757719922106511,3.638702904072475,3.5021700110066885,3.190644314621963,3.6805593655631754,0.0,0.0,0.0,0.0,0.0,0.0,0.0,0.0,0.0,0.0,0.0,0.0,0.0,0.0,0.0
ARTSC,SPA,3.9860678882547314,4.159058275758486,4.18717332532292,3.964855812556323,4.048298287774107,3.8537683989185942,3.7141964553920093,3.146339741664163,3.9008065485130667,0.0,0.0,0.0,0.0,0.0,0.0,0.0,0.0,0.0,0.0,0.0,0.0,0.0,0.0,0.0
ARTSC,SPP,4.264285714285714,4.255357142857143,4.35,3.9214285714285713,4.057142857142857,3.8874999999999997,4.3410714285714285,3.567857142857143,4.0,0.0,0.0,0.0,0.0,0.0,0.0,0.0,0.0,0.0,0.0,0.0,0.0,0.0,0.0,0.0
ARTSC,STAT,3.641441553472355,3.7240813723614563,3.618147120719342,3.634745233084625,3.627321599387794,3.3039557426184554,3.4577338817677443,3.3467913398380205,3.2737982271538804,0.0,0.0,0.0,0.0,0.0,0.0,0.0,0.0,0.0,0.0,0.0,0.0,0.0,0.0,0.0
ARTSC,TRIN,4.381603417444864,4.431551758394596,4.369481422610769,4.171388833697596,4.200953705543414,4.135505662626664,4.142340552354461,3.529962249155573,4.11925293065766,0.0,0.0,0.0,0.0,0.0,0.0,0.0,0.0,0.0,0.0,0.0,0.0,0.0,0.0,0.0
ARTSC,UC,4.070871598639456,4.184375,4.189817176870749,3.9906994047619047,4.073203656462585,3.9013711734693874,3.752944302721088,3.1258078231292514,3.9556228741496597,0.0,0.0,0.0,0.0,0.0,0.0,0.0,0.0,0.0,0.0,0.0,0.0,0.0,0.0,0.0
ARTSC,VIC,4.277184857346084,4.319378803445823,4.3594009325851575,4.1333122579625385,4.236615822334624,4.113838615348139,4.117806053900261,3.065091282699755,4.140219710740536,0.0,0.0,0.0,0.0,0.0,0.0,0.0,0.0,0.0,0.0,0.0,0.0,0.0,0.0,0.0
ARTSC,WDW,4.2573509245792645,4.360295034282152,4.509391232079784,4.176937461043008,4.208518595470601,4.148493662996053,3.1984832744649907,3.2490754207355077,4.238437564928319,0.0,0.0,0.0,0.0,0.0,0.0,0.0,0.0,0.0,0.0,0.0,0.0,0.0,0.0,0.0
ARTSC,WGSI,4.2796757702139105,4.328144759854702,4.340925602044934,4.135302031481232,4.233956679671734,4.064482712229248,3.853302838692318,3.2149334050854295,4.133956679671734,0.0,0.0,0.0,0.0,0.0,0.0,0.0,0.0,0.0,0.0,0.0,0.0,0.0,0.0,0.0
MISSI,ANTRL,4.016064608687048,4.2203848817651135,4.208193826061145,3.8966686454932224,3.967210349262887,3.813174037795587,0.0,0.0,0.0,0.0,0.0,0.0,0.0,0.0,0.0,0.0,0.0,2.9471554368259625,3.91337785693084,0.0,3.7547254378153756,0.0,0.0,0.0
MISSI,CHMPS,3.9025085467690412,4.004139998879112,4.094047525640307,3.813934315978255,3.828103457938688,3.5705419492237853,0.0,0.0,0.0,0.0,0.0,0.0,0.0,0.0,0.0,0.0,0.0,3.4257490332343217,3.5178215546712996,0.0,3.496942218236844,0.0,0.0,0.0
MISSI,ENGDR,4.116402662229618,4.251879090404881,4.418404880754299,4.1271236827509705,4.249070438158625,4.000220743205768,0.0,0.0,0.0,0.0,0.0,0.0,0.0,0.0,0.0,0.0,0.0,3.096430393788131,4.012910704381587,0.0,3.8316339434276205,0.0,0.0,0.0
MISSI,ERIN,3.827704485488127,3.975461741424802,4.391820580474934,3.791820580474934,3.8656992084432713,3.794854881266491,0.0,0.0,0.0,0.0,0.0,0.0,0.0,0.0,0.0,0.0,0.0,2.9964379947229554,3.796174142480211,0.0,3.523614775725594,0.0,0.0,0.0
MISSI,FGI,3.966399038998771,4.152009163034976,4.254778187506984,4.072655045256454,4.133381942116438,3.8818253436138117,0.0,0.0,0.0,0.0,0.0,0.0,0.0,0.0,0.0,0.0,0.0,3.0229601072745558,3.872110850374343,0.0,3.7463912168957427,0.0,0.0,0.0
MISSI,FRE,3.8586206896551722,4.241379310344827,4.417241379310345,4.206896551724138,4.13103448275862,3.9482758620689653,0.0,0.0,0.0,0.0,0.0,0.0,0.0,0.0,0.0,0.0,0.0,3.2344827586206897,4.006896551724138,0.0,3.9068965517241385,0.0,0.0,0.0
MISSI,HISCL,3.980180890853451,4.1734858891533495,4.226470588235294,3.9664930295817746,4.038048282896974,3.8274729683781024,0.0,0.0,0.0,0.0,0.0,0.0,0.0,0.0,0.0,0.0,0.0,3.1689309758585513,3.857367562053723,0.0,3.722235294117647,0.0,0.0,0.0
MISSI,ICC,3.8321672046834823,3.95380532910215,4.117663183235761,3.897702029873612,3.978835148000219,3.6761667669748865,0.0,0.0,0.0,0.0,0.0,0.0,0.0,0.0,0.0,0.0,0.0,3.2880067844832306,3.6623132899272313,0.0032007441046123545,3.616644416479729,0.0,0.0,0.0
MISSI,IMI,4.074842767295598,4.195238095238095,4.293710691823899,4.100269541778975,4.148787061994609,3.9473495058400716,0.0,0.0,0.0,0.0,0.0,0.0,0.0,0.0,0.0,0.0,0.0,3.677717879604672,4.014645103324349,0.0,4.032704402515723,0.0,0.0,0.0
MISSI,ISUP,3.7885221855518885,4.063945727906123,4.593934726806014,4.113689035570224,4.25023835716905,3.9879977997799783,0.0,0.0,0.0,0.0,0.0,0.0,0.0,0.0,0.0,0.0,0.0,2.886736340300697,3.832115878254492,0.0,3.369119911991199,0.0,0.0,0.0
MISSI,MCS,3.8127635770726203,3.880147999498307,3.990216229775492,3.7606680045152387,3.7433432835820897,3.43828144989339,0.0,0.0,0.0,0.0,0.0,0.0,0.0,0.0,0.0,0.0,0.0,3.464673523140599,3.3147552991345792,0.0,3.2994087545465947,0.0,0.0,0.0
MISSI,OISUT,4.343478260869565,4.413043478260869,4.673913043478261,4.378260869565217,4.443478260869566,4.21304347826087,0.0,0.0,0.0,0.0,0.0,0.0,0.0,0.0,0.0,0.0,0.0,2.734782608695652,4.308695652173912,0.0,4.604347826086957,0.0,0.0,0.0
MISSI,UMBIO,3.748665970564837,3.9166234089101035,3.821521479713604,3.65936754176611,3.659788186157518,3.429109486873508,0.0,0.0,0.0,0.0,0.0,0.0,0.0,0.0,0.0,0.0,0.0,3.368999105011933,3.456405628480509,0.0,3.479043357199682,0.0,0.0,0.0
MISSI,UMECO,3.796225055432372,3.9037084257206205,3.8789846637102734,3.796085550628234,3.8032963784183296,3.5033508869179597,0.0,0.0,0.0,0.0,0.0,0.0,0.0,0.0,0.0,0.0,0.0,3.3752245011086477,3.448089430894309,0.0,3.5020537694013307,0.0,0.0,0.0
MISSI,UMGGR,3.800324035410055,4.016506597628195,4.084359445465175,3.862966427259061,3.9009027893769836,3.652493736428929,0.0,0.0,0.0,0.0,0.0,0.0,0.0,0.0,0.0,0.0,0.0,3.1500876899949892,3.6759219976615998,0.0,3.59817020210456,0.0,0.0,0.0
MISSI,UMMGT,3.9581751473595572,4.098005533501745,4.214067123782028,3.995046313003729,4.016795380728979,3.797126187898472,0.0,0.0,0.0,0.0,0.0,0.0,0.0,0.0,0.0,0.0,0.0,3.233968483098761,3.7539311921087455,0.0,3.709361241429087,0.0,0.0,0.0
MISSI,UMPHL,3.9397704512208844,4.033559131315404,4.114081242263981,3.9240508608079216,3.9997231911781252,3.7213322831101614,0.0,0.0,0.0,0.0,0.0,0.0,0.0,0.0,0.0,0.0,0.0,2.950374704624733,3.717472712951502,0.0,3.502043434229774,0.0,0.0,0.0
MISSI,UMPOL,4.03613747793685,4.216141400274563,4.214833300647186,3.9923690919788193,4.080280447146499,3.8449274367523043,0.0,0.0,0.0,0.0,0.0,0.0,0.0,0.0,0.0,0.0,0.0,3.116317905471661,3.863425181408119,0.0,3.8124475387330845,0.0,0.0,0.0
MISSI,UMPSY,4.063326083579307,4.205695717466729,4.131879757651079,3.808661384703019,3.8391849205116255,3.723157785717984,0.0,0.0,0.0,0.0,0.0,0.0,0.0,0.0,0.0,0.0,0.0,3.2752814458080888,3.7536999637512296,0.0,3.7704582880223705,0.0,0.0,0.0
MISSI,UMSOC,3.878434555668598,4.075947715309417,4.137397266333436,3.8441469456363078,3.9146534259300214,3.682498341221746,0.0,0.0,0.0,0.0,0.0,0.0,0.0,0.0,0.0,0.0,0.0,3.1396523200778517,3.7316238333259606,0.0,3.6269279426726238,0.0,0.0,0.0
MISSI,UMVIS,3.846002063983488,4.0563013415892675,4.007880288957688,3.8677750257997934,3.961570691434469,3.640480908152735,0.0,0.0,0.0,0.0,0.0,0.0,0.0,0.0,0.0,0.0,0.0,3.1660495356037153,3.6502291021671827,0.0,3.673320949432405,0.0,0.0,0.0
SCARB,ACMSC,3.8551020504806557,3.997764834019984,4.123429464412558,3.928772552919449,3.9991528152673204,3.748812804849173,0.0,0.0,0.0,0.0,0.0,0.0,0.0,0.0,0.0,0.0,0.0,0.0,0.0,0.0,0.0,3.7975081687739736,3.1136965478050858,3.833743903016527
SCARB,ANTSC,4.071797540208136,4.227198675496688,4.316714285714285,4.01090160832545,4.069686849574267,3.9227228003784296,0.0,0.0,0.0,0.0,0.0,0.0,0.0,0.0,0.0,0.0,0.0,0.0,0.0,0.0,0.0,3.884422894985809,3.173369914853358,3.9915856196783346
SCARB,BIOSC,3.968873680738786,4.104183157431838,3.9859372251539136,3.7558102462620933,3.7708687884784524,3.5876091138962183,0.0,0.0,0.0,0.0,0.0,0.0,0.0,0.0,0.0,0.0,0.0,0.0,0.0,0.0,0.0,3.7060850923482853,3.5499590479331578,3.6733468007915566
SCARB,CDSSC,4.0548769771529,4.187100175746925,4.192193907439953,4.046107205623901,4.091736965436438,3.867015231400117,0.0,0.0,0.0,0.0,0.0,0.0,0.0,0.0,0.0,0.0,0.0,0.0,0.0,0.0,0.0,4.032369654364382,3.250735207967194,3.907870533099004
SCARB,CFLSC,4.000354555264375,4.151923076923077,4.259878988746724,4.087986742716201,4.137703098504701,3.9024865114845073,0.0,0.0,0.0,0.0,0.0,0.0,0.0,0.0,0.0,0.0,0.0,0.0,0.0,0.0,0.0,3.821308000616618,3.1365053183289655,3.966763527054108
SCARB,CHSSC,3.8606637010676157,4.021459074733095,4.093749110320284,3.8642064056939502,3.924311387900356,3.6911156583629894,0.0,0.0,0.0,0.0,0.0,0.0,0.0,0.0,0.0,0.0,0.0,0.0,0.0,0.0,0.0,3.8231281138790036,3.2217722419928827,3.858272241992883
SCARB,CMSSC,3.825530519862777,3.904362097314414,3.8948377078131657,3.8974810709863386,3.8774236242210174,3.485059984166616,0.0,0.0,0.0,0.0,0.0,0.0,0.0,0.0,0.0,0.0,0.0,0.0,0.0,0.0,0.0,3.4274081968211436,3.453270405781215,3.461300164423604
SCARB,CTLSC,3.9854014598540144,4.110401459854015,4.398722627737226,4.061131386861314,4.136131386861313,3.9072992700729925,0.0,0.0,0.0,0.0,0.0,0.0,0.0,0.0,0.0,0.0,0.0,0.0,0.0,0.0,0.0,3.843795620437956,3.493978102189781,3.9844890510948905
SCARB,ENGSC,4.113079446710409,4.190508068806526,4.335557723000532,4.0622486256428445,4.186367263699237,3.970183543181415,0.0,0.0,0.0,0.0,0.0,0.0,0.0,0.0,0.0,0.0,0.0,0.0,0.0,0.0,0.0,3.935163149494591,3.174509664834191,4.030769640007093
SCARB,GGRSC,4.051696383600282,4.20113730230684,4.273951848494006,4.079437896645512,4.128264329606124,3.898157550115846,0.0,0.0,0.0,0.0,0.0,0.0,0.0,0.0,0.0,0.0,0.0,0.0,0.0,0.0,0.0,4.0021637957086735,3.254159363352473,3.9710617507806996
SCARB,HCSSC,3.98502554450121,4.161306802904006,4.162635116966927,3.9521708344537063,4.024882136775119,3.8178919064264587,0.0,0.0,0.0,0.0,0.0,0.0,0.0,0.0,0.0,0.0,0.0,0.0,0.0,0.0,0.0,3.8409590391682356,3.1245505064085326,3.902792865465627
SCARB,MGTSC,3.8507450890116637,3.992578524657254,4.068288571720892,3.890568088807039,3.9203634642930223,3.679804072027829,0.0,0.0,0.0,0.0,0.0,0.0,0.0,0.0,0.0,0.0,0.0,0.0,0.0,0.0,0.0,3.675882187436055,3.20359576427256,3.7380611827296906
SCARB,OISUT,4.26078431372549,4.376470588235294,4.609803921568627,4.372549019607843,4.386274509803922,4.243137254901961,0.0,0.0,0.0,0.0,0.0,0.0,0.0,0.0,0.0,0.0,0.0,0.0,0.0,0.0,0.0,4.3352941176470585,3.0823529411764707,4.109803921568627
SCARB,PESSC,3.7307241693811077,3.8832039087947887,3.8666887296416936,3.7544648859934853,3.7726267100977195,3.4457558306188925,0.0,0.0,0.0,0.0,0.0,0.0,0.0,0.0,0.0,0.0,0.0,0.0,0.0,0.0,0.0,3.4334186319218243,3.440236351791531,3.4693310749185664
SCARB,PHLSC,4.113234817813765,4.186294197031039,4.21227665317139,3.996770580296896,4.0842429149797566,3.8418151147098514,0.0,0.0,0.0,0.0,0.0,0.0,0.0,0.0,0.0,0.0,0.0,0.0,0.0,0.0,0.0,3.9026180836707156,3.0293076923076923,3.9237408906882587
SCARB,POLSC,3.9821736280202287,4.118750702378723,4.146591121932946,3.9008615845663983,3.9491496534931634,3.7420013111069483,0.0,0.0,0.0,0.0,0.0,0.0,0.0,0.0,0.0,0.0,0.0,0.0,0.0,0.0,0.0,3.862394643191609,3.321037647499532,3.806883311481551
SCARB,PSYSC,4.011948570262364,4.138201319757818,4.1228950769858725,3.7792818431256943,3.827431687793374,3.7003292591668746,0.0,0.0,0.0,0.0,0.0,0.0,0.0,0.0,0.0,0.0,0.0,0.0,0.0,0.0,0.0,3.8217435769518584,3.2771378035783125,3.832276695616681
SCARB,SOCSC,3.9018569398389387,4.056608242539081,4.148034107058266,3.8661945365545556,3.940483183325438,3.7574309174167064,0.0,0.0,0.0,0.0,0.0,0.0,0.0,0.0,0.0,0.0,0.0,0.0,0.0,0.0,0.0,3.785057634612348,3.168214116532449,3.80432970156324
